ID,First Name,Middle Name,Surname,Gender,Age,Address
1,Suresh,Raj,Menon,Female,48,Hyderabad
2,Suresh,Rani,Nair,Female,48,Chennai
3,Shuresh,-,Gupta,Female,48,Madurai
4,Surush,Babu,Yadav,Female,48,Chennai
5,Kiran,Nath,Sharma,Male,34,Kolkata
6,Anil,Kumar,Verma,Female,26,Lucknow
7,Ramesh,-,Yadav,Male,27,Ahmedabad
8,Ramesh,Lata,Gupta,Male,27,Ranchi
9,Ramash,Kumar,Yadav,Male,27,Ahmedabad
10,Rmesh,Devi,Gupta,Male,27,Dehradhun
11,Manoj,-,Yadav,Male,41,Patna
12,Suresh,Raj,Yadav,Male,20,Patna
13,Suresh,Nath,Khan,Male,20,Nainital
14,Shuresh,Nath,Gupta,Male,20,Patna
15,Surush,Raj,Rao,Male,20,Patna
16,Amit,-,Kapoor,Female,20,Mumbai
17,Amith,Ram,Khan,Female,20,Mumbai
18,Ammit,Lata,Chauhan,Female,20,Mumbai
19,Suresh,Kumar,Das,Male,31,Mumbai
20,Suresh,Sharma,Mishra,Male,31,Mumbai
21,Shuresh,Kumari,Patel,Male,31,Mumbai
22,Surush,-,Nair,Male,31,Mumbai
23,Ramesh,Sharma,Sharma,Male,49,Delhi
24,Ramesh,Lal,Joshi,Male,49,Delhi
25,Ramash,Lata,Nair,Male,49,Delhi
26,Rmesh,Devi,Gupta,Male,49,Delhi
27,Suresh,Raj,Patel,Female,21,Mumbai
28,Suresh,Pratap,Sharma,Female,21,Mumbai
29,Shuresh,Babu,Verma,Female,21,Mumbai
30,Surush,Lal,Sharma,Female,21,Mumbai
31,Pooja,Chand,Kapoor,Male,35,Ahmedabad
32,Anjali,Chand,Menon,Female,44,Mumbai
33,Suresh,Kumari,Kapoor,Male,22,Kolkata
34,Suresh,Lata,Singh,Male,22,Kolkata
35,Shuresh,Lal,Joshi,Male,22,Kolkata
36,Surush,Kumari,Menon,Male,22,Kolkata
37,Neha,Lal,Nair,Male,41,Kolkata
38,Neha,Babu,Joshi,Male,51,Lucknow
39,Sunita,Shankar,Menon,Male,23,Lucknow
40,Sunitha,Sharma,Singh,Male,23,Lucknow
41,Suneetaa,-,Rao,Male,23,Lucknow
42,Deepak,Shankar,Singh,Female,53,Pune
43,Rajesh,Chand,Kapoor,Male,47,Ahmedabad
44,Raajesh,Lata,Khan,Male,47,Ahmedabad
45,Rajish,Rani,Verma,Male,47,Ahmedabad
46,Deepak,Raj,Das,Female,26,Delhi
47,Vijay,Kumar,Verma,Female,42,Chennai
48,Mahesh,Kumar,Yadav,Male,23,Delhi
49,Maahesh,Chand,Verma,Male,23,Delhi
50,Mahash,Chand,Das,Male,23,Delhi
51,Pooja,-,Khan,Male,46,Chennai
52,Ramesh,Ram,Sharma,Male,60,Patna
53,Ramesh,Sharma,Das,Male,60,Patna
54,Ramash,Ram,Gupta,Male,60,Patna
55,Rmesh,-,Sharma,Male,60,Patna
56,Anil,Ram,Gupta,Female,52,Delhi
57,Manoj,Kumar,Gupta,Female,35,Mumbai
